ID,NAME,LANGUAGE,CREATED_AT,UPDATED_AT,ORGANIZATION
1936771,truth,Java,2011-06-22 18:55:12+00:00,2024-03-13 13:45:53+00:00,GOOGLE
3248507,ruby-openid-apps-discovery,Ruby,2012-01-23 17:09:03+00:00,2023-03-29 17:10:50+00:00,GOOGLE
3248531,autoparse,Ruby,2012-01-23 17:13:56+00:00,2023-09-10 23:04:47+00:00,GOOGLE
3975462,anvil-build,Python,2012-04-09 20:09:24+00:00,2023-12-22 11:30:23+00:00,GOOGLE
5072378,googletv-android-samples,Java,2012-07-16 19:34:08+00:00,2023-12-08 05:51:51+00:00,GOOGLE
5511393,ChannelPlate,JavaScript,2012-08-22 15:31:48+00:00,2023-12-25 08:51:28+00:00,GOOGLE
5753459,GL-Shader-Validator,Python,2012-09-10 18:00:49+00:00,2023-04-24 02:19:29+00:00,GOOGLE
5753483,qpp,JavaScript,2012-09-10 18:02:58+00:00,2023-03-29 17:10:23+00:00,GOOGLE
5815969,CSP-Validator,Python,2012-09-14 23:38:23+00:00,2023-05-20 11:34:07+00:00,GOOGLE
5844236,embed-dart-vm,C++,2012-09-17 17:02:46+00:00,2023-12-30 18:23:19+00:00,GOOGLE
1936771,truth,Java,2011-06-22 18:55:12+00:00,2024-03-13 13:45:53+00:00,GOOGLE
3248507,ruby-openid-apps-discovery,Ruby,2012-01-23 17:09:03+00:00,2023-03-29 17:10:50+00:00,GOOGLE
3248531,autoparse,Ruby,2012-01-23 17:13:56+00:00,2023-09-10 23:04:47+00:00,GOOGLE
3975462,anvil-build,Python,2012-04-09 20:09:24+00:00,2023-12-22 11:30:23+00:00,GOOGLE
5072378,googletv-android-samples,Java,2012-07-16 19:34:08+00:00,2023-12-08 05:51:51+00:00,GOOGLE
5511393,ChannelPlate,JavaScript,2012-08-22 15:31:48+00:00,2023-12-25 08:51:28+00:00,GOOGLE
5753459,GL-Shader-Validator,Python,2012-09-10 18:00:49+00:00,2023-04-24 02:19:29+00:00,GOOGLE
5753483,qpp,JavaScript,2012-09-10 18:02:58+00:00,2023-03-29 17:10:23+00:00,GOOGLE
5815969,CSP-Validator,Python,2012-09-14 23:38:23+00:00,2023-05-20 11:34:07+00:00,GOOGLE
5844236,embed-dart-vm,C++,2012-09-17 17:02:46+00:00,2023-12-30 18:23:19+00:00,GOOGLE
6093488,module-server,JavaScript,2012-10-05 16:52:55+00:00,2024-03-05 16:31:02+00:00,GOOGLE
6461354,cxx-std-draft,TeX,2012-10-30 17:24:01+00:00,2024-03-03 21:19:26+00:00,GOOGLE
6461358,filesystem-proposal,C++,2012-10-30 17:24:17+00:00,2023-03-29 17:04:52+00:00,GOOGLE
6461369,libcxx,C++,2012-10-30 17:25:04+00:00,2023-12-13 08:09:50+00:00,GOOGLE
6601918,tracing-framework,JavaScript,2012-11-08 19:32:53+00:00,2024-02-29 00:03:30+00:00,GOOGLE
6694773,namebench,Go,2012-11-14 20:56:13+00:00,2024-03-09 17:27:41+00:00,GOOGLE
7411412,devtoolsExtended,JavaScript,2013-01-02 18:40:19+00:00,2024-03-05 16:31:46+00:00,GOOGLE
7411424,sirius,,2013-01-02 18:40:54+00:00,2023-03-29 17:11:22+00:00,GOOGLE
7411426,testRunner,JavaScript,2013-01-02 18:41:06+00:00,2023-10-22 12:50:36+00:00,GOOGLE
7411430,crx2app,JavaScript,2013-01-02 18:41:23+00:00,2023-03-29 17:03:28+00:00,GOOGLE
7697149,episodes.dart,Dart,2013-01-19 00:31:37+00:00,2023-03-29 17:04:31+00:00,GOOGLE
7776515,cpp-netlib,C++,2013-01-23 14:45:32+00:00,2024-03-08 08:20:03+00:00,GOOGLE
7968417,dagger,Java,2013-02-01 23:14:14+00:00,2024-03-13 18:22:45+00:00,GOOGLE
8165161,ios-webkit-debug-proxy,C,2013-02-12 19:08:19+00:00,2024-03-12 06:17:02+00:00,GOOGLE
8459994,google.github.io,HTML,2013-02-27 16:21:19+00:00,2024-03-05 04:33:36+00:00,GOOGLE
8566972,kratu,JavaScript,2013-03-04 22:52:33+00:00,2023-09-19 01:29:30+00:00,GOOGLE
8858648,build-debian-cloud,Shell,2013-03-18 16:32:00+00:00,2023-09-08 16:38:18+00:00,GOOGLE
9060347,traceur-compiler,JavaScript,2013-03-27 18:05:40+00:00,2024-03-06 17:17:47+00:00,GOOGLE
9065917,firmata.py,Python,2013-03-27 23:20:35+00:00,2023-03-29 17:04:52+00:00,GOOGLE
9402340,vector_math.dart,Dart,2013-04-12 19:46:07+00:00,2024-03-11 03:07:19+00:00,GOOGLE
9534479,developer.github.com,Ruby,2013-04-18 23:56:48+00:00,2023-03-29 17:03:52+00:00,GOOGLE
9706828,latency-benchmark,C,2013-04-27 00:45:42+00:00,2024-01-30 03:06:00+00:00,GOOGLE
9916887,google-api-cpp-client,C++,2013-05-07 16:55:36+00:00,2024-03-09 11:07:07+00:00,GOOGLE
9922054,gwtmockito,Java,2013-05-07 21:27:35+00:00,2024-03-06 13:03:52+00:00,GOOGLE
9922058,gwteventbinder,Java,2013-05-07 21:27:59+00:00,2023-11-17 10:58:14+00:00,GOOGLE
10070738,lisp-koans,Common Lisp,2013-05-15 04:07:12+00:00,2024-03-13 16:39:32+00:00,GOOGLE
10150370,concatenate.js,JavaScript,2013-05-19 03:15:40+00:00,2024-01-09 09:16:51+00:00,GOOGLE
10223486,dart-collab,Dart,2013-05-22 15:40:25+00:00,2024-02-20 22:09:53+00:00,GOOGLE
10230369,auto,Java,2013-05-22 21:41:56+00:00,2024-03-12 11:35:26+00:00,GOOGLE
10270722,go-github,Go,2013-05-24 16:42:58+00:00,2024-03-12 12:40:36+00:00,GOOGLE
10748834,streamy-dart,Dart,2013-06-17 22:31:11+00:00,2023-03-29 17:11:47+00:00,GOOGLE
10753472,prerender-test,JavaScript,2013-06-18 04:03:35+00:00,2023-03-29 17:09:57+00:00,GOOGLE
10808002,google-api-ruby-client-samples,,2013-06-19 23:07:43+00:00,2023-10-23 12:59:57+00:00,GOOGLE
10831778,pinject,Python,2013-06-20 23:46:50+00:00,2024-03-11 08:08:31+00:00,GOOGLE
10950012,html-quiz,JavaScript,2013-06-25 20:53:06+00:00,2023-12-24 15:05:46+00:00,GOOGLE
11032401,safevarargs,,2013-06-28 17:06:28+00:00,2023-03-29 17:10:58+00:00,GOOGLE
11293574,paco,Objective-C,2013-07-09 20:38:11+00:00,2024-01-30 19:51:07+00:00,GOOGLE
11294474,uri.dart,Dart,2013-07-09 21:15:44+00:00,2023-11-30 07:44:41+00:00,GOOGLE
11317561,protobuf.dart,Dart,2013-07-10 16:36:09+00:00,2024-02-28 11:53:08+00:00,GOOGLE
11430627,ansicolor-dart,Dart,2013-07-15 18:44:24+00:00,2023-12-27 02:33:04+00:00,GOOGLE
11486592,data-layer-helper,JavaScript,2013-07-17 20:20:30+00:00,2024-02-13 15:16:03+00:00,GOOGLE
11507786,carfac,Jupyter Notebook,2013-07-18 16:28:12+00:00,2024-03-03 12:38:25+00:00,GOOGLE
11518825,dpy,Python,2013-07-19 02:51:39+00:00,2023-10-27 11:10:03+00:00,GOOGLE
11595141,webdriver.dart,Dart,2013-07-22 23:48:29+00:00,2024-02-28 13:37:25+00:00,GOOGLE
11641524,mockable_filesystem.dart,Dart,2013-07-24 18:04:00+00:00,2023-03-29 17:08:30+00:00,GOOGLE
11666488,dart-gif-encoder,Dart,2013-07-25 17:20:24+00:00,2023-06-10 01:37:46+00:00,GOOGLE
11850014,gumbo-parser,HTML,2013-08-02 18:33:38+00:00,2024-03-06 01:56:24+00:00,GOOGLE
12117219,quiver-dart,Dart,2013-08-14 19:13:01+00:00,2024-03-06 08:13:37+00:00,GOOGLE
12169108,closure-library,JavaScript,2013-08-16 21:54:05+00:00,2024-03-13 09:17:53+00:00,GOOGLE
12250505,patchfield,Java,2013-08-20 18:19:13+00:00,2024-01-29 09:39:23+00:00,GOOGLE
12277623,perf_api.dart,Dart,2013-08-21 18:10:29+00:00,2023-03-29 17:09:37+00:00,GOOGLE
12301534,dart-sync-socket,Dart,2013-08-22 16:06:15+00:00,2023-03-29 17:03:38+00:00,GOOGLE
12390121,compile-testing,Java,2013-08-26 21:30:13+00:00,2024-03-12 12:37:46+00:00,GOOGLE
12599853,network-mapper,,2013-09-04 19:15:15+00:00,2023-03-29 17:08:49+00:00,GOOGLE
12620964,pixelcycle-sample-app,Dart,2013-09-05 15:13:06+00:00,2023-03-29 17:09:47+00:00,GOOGLE
12717298,wiberg-minimization,,2013-09-10 01:33:08+00:00,2023-01-28 00:29:21+00:00,GOOGLE
12733006,memcache-collections,Python,2013-09-10 15:15:09+00:00,2023-06-11 17:42:44+00:00,GOOGLE
12738417,go-querystring,Go,2013-09-10 19:26:51+00:00,2024-03-08 18:43:29+00:00,GOOGLE
12765026,tiff,Go,2013-09-11 19:05:45+00:00,2023-11-30 13:03:57+00:00,GOOGLE
12769396,beta-binomial-fitting,,2013-09-11 22:29:41+00:00,2023-03-29 17:01:43+00:00,GOOGLE
12769998,dart-sync-webdriver,Dart,2013-09-11 23:03:16+00:00,2023-08-23 08:33:20+00:00,GOOGLE
12872299,lmctfy,C++,2013-09-16 16:28:53+00:00,2024-03-13 18:12:35+00:00,GOOGLE
12873172,open-gantry,CSS,2013-09-16 17:08:46+00:00,2023-03-29 17:09:12+00:00,GOOGLE
12875229,tsviewdb,JavaScript,2013-09-16 18:35:45+00:00,2024-01-09 09:17:09+00:00,GOOGLE
12908319,vpn-reverse-tether,C,2013-09-17 22:26:12+00:00,2024-03-04 21:16:13+00:00,GOOGLE
12929998,gfw-deployments,Python,2013-09-18 17:44:34+00:00,2023-05-25 00:27:01+00:00,GOOGLE
13219093,pepper.js,JavaScript,2013-09-30 15:24:47+00:00,2023-11-22 08:50:38+00:00,GOOGLE
13248841,grinder.dart,Dart,2013-10-01 16:14:32+00:00,2024-02-08 14:18:42+00:00,GOOGLE
13282401,zimu,C,2013-10-02 20:45:17+00:00,2023-01-28 00:29:21+00:00,GOOGLE
13287485,self-hosted-rss-to-email,Go,2013-10-03 01:14:22+00:00,2023-03-29 17:11:10+00:00,GOOGLE
13300800,capsicum-linux,C,2013-10-03 14:41:35+00:00,2024-01-03 14:10:51+00:00,GOOGLE
13300808,capsicum-test,C++,2013-10-03 14:41:46+00:00,2023-10-28 01:50:08+00:00,GOOGLE
13394036,url_diff,Python,2013-10-07 19:51:48+00:00,2023-11-14 12:04:17+00:00,GOOGLE
13745124,jimfs,Java,2013-10-21 14:39:27+00:00,2024-03-12 13:55:19+00:00,GOOGLE
13837998,appengine_xblock_runtime,Python,2013-10-24 16:39:30+00:00,2023-03-29 17:01:17+00:00,GOOGLE
13872231,blockly,TypeScript,2013-10-25 21:13:33+00:00,2024-03-13 15:25:40+00:00,GOOGLE
14003152,gfw-toolkit,Python,2013-10-30 23:57:06+00:00,2023-09-28 10:23:08+00:00,GOOGLE
14211300,libkml,C++,2013-11-07 17:56:39+00:00,2023-10-29 07:10:52+00:00,GOOGLE
14211357,coursebuilder_xblock_module,Python,2013-11-07 17:58:50+00:00,2023-03-29 17:03:16+00:00,GOOGLE
14311172,gae-channel-api.dart,Dart,2013-11-11 19:43:54+00:00,2023-03-29 17:05:14+00:00,GOOGLE
14354645,container-rfc,,2013-11-13 05:13:40+00:00,2023-08-23 08:31:43+00:00,GOOGLE
14725230,liquidfun,C++,2013-11-26 18:20:10+00:00,2024-03-12 06:07:31+00:00,GOOGLE
14908550,pytypedecl,Python,2013-12-03 23:11:13+00:00,2023-04-25 12:14:19+00:00,GOOGLE
14909673,grr,Python,2013-12-04 00:17:53+00:00,2024-03-12 12:37:57+00:00,GOOGLE
14967014,vim-maktaba,Vim Script,2013-12-05 21:59:43+00:00,2024-02-03 22:27:04+00:00,GOOGLE
14996142,vim-glaive,Vim Script,2013-12-06 23:28:52+00:00,2024-02-25 22:20:07+00:00,GOOGLE
15122806,benchmark,C++,2013-12-12 00:10:48+00:00,2024-03-13 21:49:37+00:00,GOOGLE
15144758,angular_node_bind.dart,Dart,2013-12-12 19:03:57+00:00,2023-03-29 17:01:13+00:00,GOOGLE
15319507,grafika,Java,2013-12-19 18:36:53+00:00,2024-03-10 12:26:26+00:00,GOOGLE
15690069,wheelbarrow,Python,2014-01-06 23:50:14+00:00,2023-01-27 23:09:11+00:00,GOOGLE
15773229,skia,C++,2014-01-09 17:09:57+00:00,2024-03-13 22:44:22+00:00,GOOGLE
15773235,skia-buildbot,Go,2014-01-09 17:10:17+00:00,2024-02-22 05:52:03+00:00,GOOGLE
15812091,instant-hangouts,JavaScript,2014-01-10 22:46:57+00:00,2023-08-23 08:31:44+00:00,GOOGLE
16109108,extra-keyboards-for-chrome-os,JavaScript,2014-01-21 16:38:51+00:00,2024-01-25 15:27:48+00:00,GOOGLE
16109825,gipfeli,C++,2014-01-21 16:58:45+00:00,2023-10-02 19:19:49+00:00,GOOGLE
16186893,favcolor-server,Ruby,2014-01-23 21:53:23+00:00,2023-03-29 17:04:44+00:00,GOOGLE
16186923,favcolor-android,Java,2014-01-23 21:54:20+00:00,2023-03-29 17:04:43+00:00,GOOGLE
16186934,favcolor-ios,,2014-01-23 21:54:45+00:00,2023-03-29 17:04:43+00:00,GOOGLE
16319081,systemjs,JavaScript,2014-01-28 17:13:29+00:00,2024-01-09 09:15:53+00:00,GOOGLE
16386421,radioreceiver,JavaScript,2014-01-30 18:28:13+00:00,2024-03-04 21:48:48+00:00,GOOGLE
16389681,j2objc,Java,2014-01-30 20:19:56+00:00,2024-03-12 12:38:05+00:00,GOOGLE
16485700,pygtrie,Python,2014-02-03 16:51:11+00:00,2024-03-09 12:52:55+00:00,GOOGLE
16525884,course-builder,,2014-02-04 21:17:04+00:00,2023-03-29 17:03:13+00:00,GOOGLE
16701879,page-timer,JavaScript,2014-02-10 16:46:28+00:00,2023-08-23 08:32:49+00:00,GOOGLE
16787414,sre_yield,Python,2014-02-13 00:53:19+00:00,2024-01-21 13:53:06+00:00,GOOGLE
16852812,dart-tagtree,Dart,2014-02-14 23:51:30+00:00,2023-03-29 17:03:39+00:00,GOOGLE
16992924,oss-bench,,2014-02-19 17:44:24+00:00,2023-03-29 17:09:21+00:00,GOOGLE
16993072,FakeMaker,JavaScript,2014-02-19 17:49:51+00:00,2024-01-24 00:45:50+00:00,GOOGLE
17029490,grr-doc,Dockerfile,2014-02-20 17:46:08+00:00,2024-02-24 09:52:56+00:00,GOOGLE
17068340,Refaster,Java,2014-02-21 20:14:01+00:00,2023-04-30 15:43:44+00:00,GOOGLE
17150568,vroom,Python,2014-02-24 21:00:11+00:00,2024-02-03 22:26:37+00:00,GOOGLE
17381605,snappy,C++,2014-03-03 21:58:09+00:00,2024-03-13 19:04:55+00:00,GOOGLE
17602058,favcolor-findidp,,2014-03-10 17:43:03+00:00,2023-03-29 17:04:43+00:00,GOOGLE
17761876,googleapps-password-generator,,2014-03-14 22:07:26+00:00,2023-03-29 17:06:13+00:00,GOOGLE
17838258,vim-ft-vroom,VimL,2014-03-17 18:12:17+00:00,2023-09-14 13:38:26+00:00,GOOGLE
17838265,vimdoc,Python,2014-03-17 18:12:29+00:00,2024-03-06 17:49:57+00:00,GOOGLE
17842819,googleapps-message-recall,Python,2014-03-17 20:47:29+00:00,2023-03-29 17:06:13+00:00,GOOGLE
18143180,YouCompleteSubl,,2014-03-26 15:31:07+00:00,2023-01-28 00:07:11+00:00,GOOGLE
18143466,palette.js,JavaScript,2014-03-26 15:39:13+00:00,2024-03-12 19:11:55+00:00,GOOGLE
18144573,pyringe,Python,2014-03-26 16:13:48+00:00,2024-02-20 14:52:55+00:00,GOOGLE
18145721,quiver-log,Dart,2014-03-26 16:49:30+00:00,2023-03-29 17:10:26+00:00,GOOGLE
18347398,autofdo,C++,2014-04-01 22:37:47+00:00,2024-03-03 14:27:45+00:00,GOOGLE
18347476,iosched,Kotlin,2014-04-01 22:40:40+00:00,2024-03-13 01:37:31+00:00,GOOGLE
18458047,souper,C++,2014-04-05 02:09:09+00:00,2024-03-07 23:14:35+00:00,GOOGLE
18511024,web-starter-kit,HTML,2014-04-07 08:45:18+00:00,2024-03-13 00:21:35+00:00,GOOGLE
18605981,realtime-help,Python,2014-04-09 17:17:08+00:00,2023-03-29 17:10:32+00:00,GOOGLE
18845024,closure-compiler,Java,2014-04-16 15:30:36+00:00,2024-03-13 13:06:20+00:00,GOOGLE
18845068,closure-templates,Java,2014-04-16 15:31:58+00:00,2024-03-11 22:48:02+00:00,GOOGLE
18851049,gdal-autotest2,,2014-04-16 18:33:53+00:00,2023-03-29 17:05:19+00:00,GOOGLE
19086133,ohmu,C++,2014-04-23 21:23:50+00:00,2024-01-31 09:19:07+00:00,GOOGLE
19086150,lab_device_proxy,Python,2014-04-23 21:24:23+00:00,2024-01-12 02:19:29+00:00,GOOGLE
19249835,WebFundamentals,JavaScript,2014-04-28 18:45:45+00:00,2024-03-12 17:05:10+00:00,GOOGLE
19249911,canvas-5-polyfill,JavaScript,2014-04-28 18:48:20+00:00,2024-02-24 15:24:40+00:00,GOOGLE
19253501,closure-stylesheets,Java,2014-04-28 20:51:38+00:00,2024-01-08 12:16:40+00:00,GOOGLE
19507904,heartbleed-burp-extension,Java,2014-05-06 19:33:34+00:00,2023-10-31 13:41:13+00:00,GOOGLE
19615989,capsicum-man-pages,Groff,2014-05-09 15:34:05+00:00,2023-03-29 17:02:11+00:00,GOOGLE
19716755,jsaction,JavaScript,2014-05-12 21:53:24+00:00,2024-02-21 01:20:29+00:00,GOOGLE
19826356,gtest-parallel,Python,2014-05-15 16:13:51+00:00,2024-02-21 09:38:03+00:00,GOOGLE
19864741,rekall,Python,2014-05-16 17:22:51+00:00,2024-03-13 03:31:15+00:00,GOOGLE
19864936,photo-sphere,,2014-05-16 17:29:39+00:00,2023-03-29 17:09:40+00:00,GOOGLE
19953044,flatbuffers,C++,2014-05-19 18:33:01+00:00,2024-03-13 22:44:55+00:00,GOOGLE
19979068,rekall-profiles,HTML,2014-05-20 11:57:48+00:00,2023-10-21 09:53:59+00:00,GOOGLE
19989605,certificate-transparency,C++,2014-05-20 17:03:47+00:00,2024-02-26 10:46:33+00:00,GOOGLE
20069953,certificate-transparency-rfcs,Python,2014-05-22 17:15:59+00:00,2023-09-17 03:31:40+00:00,GOOGLE
20069983,ct-hackday-schwag,Go,2014-05-22 17:16:56+00:00,2023-03-29 17:03:30+00:00,GOOGLE
20077211,libpam-policycache,C,2014-05-22 21:14:25+00:00,2023-03-29 17:07:51+00:00,GOOGLE
20227700,libnss-cache,C,2014-05-27 16:55:16+00:00,2024-01-08 15:10:46+00:00,GOOGLE
20227767,nsscache,Python,2014-05-27 16:57:00+00:00,2024-02-19 04:40:45+00:00,GOOGLE
20227789,cronutils,C,2014-05-27 16:57:31+00:00,2024-01-31 20:27:23+00:00,GOOGLE
20239198,mtail,Go,2014-05-27 23:46:16+00:00,2024-03-11 08:53:14+00:00,GOOGLE
20275545,guice,Java,2014-05-28 23:18:53+00:00,2024-03-13 16:50:39+00:00,GOOGLE
20300177,guava,Java,2014-05-29 16:23:17+00:00,2024-03-13 23:38:06+00:00,GOOGLE
20457928,kernel-sanitizers,Python,2014-06-03 20:15:33+00:00,2024-03-06 06:14:03+00:00,GOOGLE
20580961,LiquidFunPaint,Java,2014-06-06 23:20:56+00:00,2024-01-11 02:11:24+00:00,GOOGLE
20581500,u2f-ref-code,JavaScript,2014-06-06 23:56:59+00:00,2024-02-19 12:20:36+00:00,GOOGLE
20653934,cadvisor,Go,2014-06-09 16:36:33+00:00,2024-03-13 21:17:38+00:00,GOOGLE
20786099,deepboost,C++,2014-06-12 23:27:39+00:00,2023-10-18 10:15:59+00:00,GOOGLE
20818126,ExoPlayer,Java,2014-06-13 21:19:18+00:00,2024-03-13 17:14:28+00:00,GOOGLE
20900043,fruit,C++,2014-06-16 20:43:26+00:00,2024-03-13 03:03:19+00:00,GOOGLE
20902835,chrome-language-immersion,JavaScript,2014-06-16 22:27:37+00:00,2024-01-09 09:14:55+00:00,GOOGLE
21009909,timesketch,Python,2014-06-19 17:49:45+00:00,2024-03-13 06:55:44+00:00,GOOGLE
21009988,domaintest,Java,2014-06-19 17:52:23+00:00,2023-08-23 08:33:14+00:00,GOOGLE
21016984,codeworld,Haskell,2014-06-19 21:56:15+00:00,2024-03-01 21:09:18+00:00,GOOGLE
21041510,xsecurelock,C,2014-06-20 14:55:28+00:00,2024-03-13 10:40:10+00:00,GOOGLE
21052985,battery-historian,Go,2014-06-20 21:28:26+00:00,2024-03-13 11:50:16+00:00,GOOGLE
21285080,midi-dump-tools,C,2014-06-27 18:23:54+00:00,2023-08-28 08:44:49+00:00,GOOGLE
21285098,pyrios,Go,2014-06-27 18:24:37+00:00,2023-03-29 17:10:15+00:00,GOOGLE
21360081,catnip,Python,2014-06-30 17:39:13+00:00,2023-03-29 17:02:15+00:00,GOOGLE
21404763,python-adb,Python,2014-07-01 23:00:56+00:00,2024-03-07 08:57:44+00:00,GOOGLE
21404821,openrtb-doubleclick,Java,2014-07-01 23:03:43+00:00,2023-12-12 18:42:39+00:00,GOOGLE
21432552,openrtb,Java,2014-07-02 17:05:55+00:00,2024-02-18 06:33:46+00:00,GOOGLE
21591766,VoltAir,C++,2014-07-08 00:21:40+00:00,2024-01-25 17:46:54+00:00,GOOGLE
21662129,jenkins-flaky-test-report,,2014-07-09 17:38:30+00:00,2023-03-29 17:07:24+00:00,GOOGLE
21675265,files.dart,Dart,2014-07-10 01:46:03+00:00,2023-12-15 10:48:14+00:00,GOOGLE
21917503,dart-emacs-plugin-unsupported,Emacs Lisp,2014-07-16 21:02:21+00:00,2023-03-29 17:03:36+00:00,GOOGLE
21921223,tern-closure,JavaScript,2014-07-16 23:03:28+00:00,2023-01-27 21:25:55+00:00,GOOGLE
21959406,NLSdata,R,2014-07-17 22:12:17+00:00,2023-03-29 17:08:56+00:00,GOOGLE
21959431,glmmplus,R,2014-07-17 22:12:53+00:00,2023-03-29 17:05:40+00:00,GOOGLE
21959482,glassbox,R,2014-07-17 22:14:02+00:00,2023-09-12 02:02:48+00:00,GOOGLE
22229602,polymer-dart-log-controller,Dart,2014-07-24 20:21:17+00:00,2023-03-29 17:09:52+00:00,GOOGLE
1932083,HealthVault-Mobile-iOS-Library,Objective-C,2011-06-21 22:49:39+00:00,2023-05-17 19:18:38+00:00,MICROSOFT
3085152,BeanSpy,Java,2012-01-02 02:03:37+00:00,2024-01-15 15:58:52+00:00,MICROSOFT
4047810,healthvault-ios-sdk,C,2012-04-17 01:33:37+00:00,2023-07-08 12:28:14+00:00,MICROSOFT
5590199,WindowsAzureToolkitForEclipseWithJava,Java,2012-08-28 18:33:11+00:00,2023-01-28 10:54:02+00:00,MICROSOFT
10075507,php-sdk-binary-tools,M4,2013-05-15 09:42:29+00:00,2024-02-04 13:45:42+00:00,MICROSOFT
11435680,LIS3.5,C,2013-07-15 22:56:07+00:00,2024-02-20 15:38:01+00:00,MICROSOFT
11571442,plcrashreporter,Objective-C,2013-07-22 02:38:00+00:00,2024-03-13 05:23:29+00:00,MICROSOFT
11635549,filter-explorer,C#,2013-07-24 13:36:42+00:00,2023-04-15 02:35:05+00:00,MICROSOFT
11734841,filter-effects,C#,2013-07-29 08:30:45+00:00,2023-11-07 18:44:23+00:00,MICROSOFT
11734950,real-time-filter-demo,C#,2013-07-29 08:36:12+00:00,2023-01-28 10:30:44+00:00,MICROSOFT
1932083,HealthVault-Mobile-iOS-Library,Objective-C,2011-06-21 22:49:39+00:00,2023-05-17 19:18:38+00:00,MICROSOFT
3085152,BeanSpy,Java,2012-01-02 02:03:37+00:00,2024-01-15 15:58:52+00:00,MICROSOFT
4047810,healthvault-ios-sdk,C,2012-04-17 01:33:37+00:00,2023-07-08 12:28:14+00:00,MICROSOFT
5590199,WindowsAzureToolkitForEclipseWithJava,Java,2012-08-28 18:33:11+00:00,2023-01-28 10:54:02+00:00,MICROSOFT
10075507,php-sdk-binary-tools,M4,2013-05-15 09:42:29+00:00,2024-02-04 13:45:42+00:00,MICROSOFT
11435680,LIS3.5,C,2013-07-15 22:56:07+00:00,2024-02-20 15:38:01+00:00,MICROSOFT
11571442,plcrashreporter,Objective-C,2013-07-22 02:38:00+00:00,2024-03-13 05:23:29+00:00,MICROSOFT
11635549,filter-explorer,C#,2013-07-24 13:36:42+00:00,2023-04-15 02:35:05+00:00,MICROSOFT
11734841,filter-effects,C#,2013-07-29 08:30:45+00:00,2023-11-07 18:44:23+00:00,MICROSOFT
11734950,real-time-filter-demo,C#,2013-07-29 08:36:12+00:00,2023-01-28 10:30:44+00:00,MICROSOFT
11735149,photo-inspector,C#,2013-07-29 08:47:31+00:00,2023-01-28 10:37:24+00:00,MICROSOFT
11735223,camera-explorer,C#,2013-07-29 08:51:40+00:00,2024-02-19 21:23:32+00:00,MICROSOFT
11735455,map-explorer,C#,2013-07-29 09:02:19+00:00,2024-01-27 17:47:28+00:00,MICROSOFT
11735508,music-explorer,C#,2013-07-29 09:05:41+00:00,2023-01-27 20:20:03+00:00,MICROSOFT
11735785,here-launchers,C#,2013-07-29 09:19:59+00:00,2023-01-27 20:20:00+00:00,MICROSOFT
12737157,azure-puppet,Ruby,2013-09-10 18:26:20+00:00,2023-04-20 17:51:55+00:00,MICROSOFT
12914921,weekly-planner-wp,C#,2013-09-18 05:33:21+00:00,2024-02-23 21:56:11+00:00,MICROSOFT
12914933,drumkitx,C++,2013-09-18 05:34:17+00:00,2024-01-27 17:45:05+00:00,MICROSOFT
12914939,diner-wp,C#,2013-09-18 05:34:41+00:00,2024-02-23 21:55:10+00:00,MICROSOFT
12914958,rss-reader-wp,C#,2013-09-18 05:35:45+00:00,2023-10-17 00:19:36+00:00,MICROSOFT
12914974,audio-recorder,C#,2013-09-18 05:36:41+00:00,2023-04-10 02:17:48+00:00,MICROSOFT
12937619,cocos2d-x,C++,2013-09-19 00:22:15+00:00,2023-10-03 08:09:36+00:00,MICROSOFT
13414312,dynamic-layout-sample,C#,2013-10-08 13:34:39+00:00,2024-02-18 20:09:03+00:00,MICROSOFT
13735970,nfc-ndef-tag-reader,C#,2013-10-21 07:48:10+00:00,2023-01-27 20:20:01+00:00,MICROSOFT
13736643,nfc-talk,C#,2013-10-21 08:24:18+00:00,2023-09-26 23:57:57+00:00,MICROSOFT
13740629,car-trumps,C#,2013-10-21 11:41:17+00:00,2024-02-29 21:00:39+00:00,MICROSOFT
13795530,drumkit-wp,C#,2013-10-23 06:47:11+00:00,2023-04-14 10:08:53+00:00,MICROSOFT
13832727,bubble-level-wp,C#,2013-10-24 13:22:49+00:00,2024-01-27 17:48:04+00:00,MICROSOFT
13832862,phone-info,C#,2013-10-24 13:28:14+00:00,2024-01-27 17:47:44+00:00,MICROSOFT
13859300,launchapp-tag-maker,C#,2013-10-25 11:57:24+00:00,2024-01-27 17:50:56+00:00,MICROSOFT
13859428,matchem-poker-wp,C#,2013-10-25 12:03:20+00:00,2024-02-17 16:05:31+00:00,MICROSOFT
13859558,media-viewer,C#,2013-10-25 12:09:49+00:00,2024-01-31 13:01:54+00:00,MICROSOFT
13859647,moto-trial-racer-wp,C#,2013-10-25 12:14:15+00:00,2024-02-18 20:06:49+00:00,MICROSOFT
13859929,native-filter-demo,C#,2013-10-25 12:27:50+00:00,2024-02-18 20:46:58+00:00,MICROSOFT
13860076,protractor,C#,2013-10-25 12:35:40+00:00,2024-02-23 21:56:23+00:00,MICROSOFT
13860240,solitaire-wp,C#,2013-10-25 12:43:50+00:00,2024-03-02 09:06:14+00:00,MICROSOFT
13860358,space-blok-wp,C#,2013-10-25 12:48:23+00:00,2024-02-23 21:55:20+00:00,MICROSOFT
13860520,sudokumaster-wp,C#,2013-10-25 12:56:38+00:00,2024-01-27 17:43:51+00:00,MICROSOFT
13860727,surveillance-camera,C#,2013-10-25 13:05:31+00:00,2024-02-18 21:00:41+00:00,MICROSOFT
13861132,maps-samples,C#,2013-10-25 13:21:16+00:00,2024-02-19 21:20:48+00:00,MICROSOFT
14227915,rate-my-app,C#,2013-11-08 08:43:24+00:00,2024-02-11 22:08:51+00:00,MICROSOFT
14717852,chroma-key-demo,C#,2013-11-26 13:36:57+00:00,2024-01-31 13:02:14+00:00,MICROSOFT
14724067,azure-activedirectory-jwt-token-handler-for-dotnet,C#,2013-11-26 17:32:17+00:00,2023-10-12 00:43:04+00:00,MICROSOFT
15047121,real-time-blend-demo,C#,2013-12-09 12:50:37+00:00,2023-06-15 09:34:51+00:00,MICROSOFT
15119283,knife-azure,Ruby,2013-12-11 21:20:29+00:00,2023-01-27 20:20:01+00:00,MICROSOFT
15312978,angle,,2013-12-19 13:58:48+00:00,2024-02-21 06:08:53+00:00,MICROSOFT
15592381,backupessentials,C,2014-01-02 19:57:36+00:00,2024-02-20 15:38:27+00:00,MICROSOFT
15698620,Tx,C#,2014-01-07 08:08:51+00:00,2024-02-11 13:31:49+00:00,MICROSOFT
15868578,optical-reader,C#,2014-01-13 13:17:43+00:00,2023-05-05 16:56:12+00:00,MICROSOFT
16173154,lens-blur,C#,2014-01-23 13:28:11+00:00,2023-01-28 10:36:26+00:00,MICROSOFT
16389309,azure-cookbook,Ruby,2014-01-30 20:06:52+00:00,2023-01-28 10:54:08+00:00,MICROSOFT
16392968,lis-test,PowerShell,2014-01-30 22:27:13+00:00,2024-02-20 15:38:26+00:00,MICROSOFT
16759326,nokia-x-notifications-samples,Java,2014-02-12 07:22:04+00:00,2024-02-17 20:18:03+00:00,MICROSOFT
16759363,nokia-x-in-app-payment-samples,Java,2014-02-12 07:23:37+00:00,2023-01-27 20:20:03+00:00,MICROSOFT
16803570,simple-filter-mixer,C#,2014-02-13 13:25:40+00:00,2024-01-27 17:44:14+00:00,MICROSOFT
17710375,places,C#,2014-03-13 13:09:08+00:00,2023-09-26 18:26:02+00:00,MICROSOFT
17881253,opencv,C++,2014-03-18 20:41:11+00:00,2023-11-11 22:12:03+00:00,MICROSOFT
17906186,tracks,C#,2014-03-19 14:00:48+00:00,2023-01-28 10:36:26+00:00,MICROSOFT
18086766,cordova-plugin-websql,C#,2014-03-25 02:47:33+00:00,2023-05-05 16:56:17+00:00,MICROSOFT
18326578,image-sequencer,C#,2014-04-01 11:06:55+00:00,2023-03-28 22:24:00+00:00,MICROSOFT
19043988,msphpsql,PHP,2014-04-22 19:54:12+00:00,2024-03-13 22:32:37+00:00,MICROSOFT
19502504,cordova-plugin-indexedDB,JavaScript,2014-05-06 16:48:48+00:00,2023-01-27 20:20:02+00:00,MICROSOFT
19926695,PowerShell-DSC-for-Linux,C,2014-05-19 02:18:59+00:00,2024-02-20 15:34:19+00:00,MICROSOFT
19996695,packer-hyperv,Go,2014-05-20 20:38:46+00:00,2023-10-14 15:25:28+00:00,MICROSOFT
20530626,Azure-DDP,PowerShell,2014-06-05 15:32:27+00:00,2023-04-21 23:08:01+00:00,MICROSOFT
20723540,microsoft.github.io,HTML,2014-06-11 12:01:31+00:00,2024-03-11 11:38:08+00:00,MICROSOFT
20730286,cocos2d-x-3rd-party-libs-bin,C,2014-06-11 15:22:36+00:00,2024-01-23 04:45:47+00:00,MICROSOFT
20929025,TypeScript,TypeScript,2014-06-17 15:28:39+00:00,2024-03-13 22:33:32+00:00,MICROSOFT
21118397,recorder,C#,2014-06-23 07:59:41+00:00,2023-01-28 10:36:26+00:00,MICROSOFT
21122049,activities,C#,2014-06-23 10:18:38+00:00,2023-01-28 10:36:27+00:00,MICROSOFT
21123716,steps,C#,2014-06-23 11:24:04+00:00,2023-09-26 18:24:34+00:00,MICROSOFT
21705009,o365-moodle,PHP,2014-07-10 18:12:49+00:00,2024-03-12 06:54:02+00:00,MICROSOFT
21831014,TypeScriptSamples,TypeScript,2014-07-14 18:40:34+00:00,2024-03-11 12:38:26+00:00,MICROSOFT
21850278,lumia-sensorcore-simulation,,2014-07-15 07:16:44+00:00,2023-01-28 10:36:27+00:00,MICROSOFT
21905301,opencv_contrib,C++,2014-07-16 14:59:24+00:00,2023-06-13 17:55:05+00:00,MICROSOFT
21972471,Win2D,C++,2014-07-18 07:54:58+00:00,2024-03-08 21:35:54+00:00,MICROSOFT
22074526,winstore-jscompat,JavaScript,2014-07-21 18:03:55+00:00,2023-09-08 16:49:12+00:00,MICROSOFT
22095019,windows-phone-callout-project,HTML,2014-07-22 07:34:19+00:00,2023-06-13 17:54:53+00:00,MICROSOFT
22624502,ApplicationInsights-node.js,TypeScript,2014-08-05 00:27:13+00:00,2024-02-28 08:47:34+00:00,MICROSOFT
22971269,dotnet-samples,C#,2014-08-14 22:58:03+00:00,2024-02-21 02:08:37+00:00,MICROSOFT
23141872,activate-sensorcore,C#,2014-08-20 08:43:06+00:00,2024-01-27 17:43:33+00:00,MICROSOFT
23202799,cpprestsdk,C++,2014-08-21 20:57:45+00:00,2024-03-13 17:13:58+00:00,MICROSOFT
23956428,diskspd,C++,2014-09-12 10:27:46+00:00,2024-03-12 17:58:02+00:00,MICROSOFT
23976580,StorScore,C++,2014-09-12 20:55:36+00:00,2024-02-02 18:35:56+00:00,MICROSOFT
24354573,java-example-fraud-score,Java,2014-09-23 02:55:31+00:00,2023-04-13 01:57:00+00:00,MICROSOFT
24514213,openssl,C,2014-09-26 20:23:13+00:00,2023-08-23 07:02:42+00:00,MICROSOFT
24695630,TestEasy,C#,2014-10-01 21:12:51+00:00,2023-08-23 07:02:25+00:00,MICROSOFT
25113258,RoslynClrHeapAllocationAnalyzer,C#,2014-10-12 08:13:32+00:00,2024-02-21 09:44:25+00:00,MICROSOFT
25238897,js-example-fraud-score,JavaScript,2014-10-15 04:28:10+00:00,2023-06-13 17:54:52+00:00,MICROSOFT
25252525,hello-sensorcore,C#,2014-10-15 11:55:30+00:00,2023-10-02 15:55:41+00:00,MICROSOFT
25659723,dotnet,HTML,2014-10-23 21:58:29+00:00,2024-03-13 08:23:27+00:00,MICROSOFT
25736138,QuickInject,C#,2014-10-25 15:32:52+00:00,2023-06-12 20:46:33+00:00,MICROSOFT
25843055,msopentech-tools-for-intellij,Java,2014-10-27 22:56:27+00:00,2023-01-27 20:20:02+00:00,MICROSOFT
25880923,moodle,PHP,2014-10-28 17:18:29+00:00,2023-06-13 17:55:58+00:00,MICROSOFT
25946991,js-client-library,JavaScript,2014-10-30 00:01:55+00:00,2023-06-14 15:20:28+00:00,MICROSOFT
25948511,js-rbroker-framework,JavaScript,2014-10-30 01:01:06+00:00,2023-06-13 17:54:51+00:00,MICROSOFT
26274446,Lumia-Imaging-SDK-Extras,C++,2014-11-06 14:50:23+00:00,2023-01-28 10:30:44+00:00,MICROSOFT
26521129,referencesource,C#,2014-11-12 05:41:28+00:00,2024-03-12 19:17:22+00:00,MICROSOFT
26877260,ApplicationInsights-Python,Python,2014-11-19 19:17:48+00:00,2024-03-11 12:05:57+00:00,MICROSOFT
26897943,o365rwsclient,C#,2014-11-20 05:51:50+00:00,2023-01-27 20:20:02+00:00,MICROSOFT
26941138,o365tosplunkdataimportapp,C#,2014-11-21 02:01:04+00:00,2023-08-03 16:55:17+00:00,MICROSOFT
27205653,java-client-library,Java,2014-11-27 02:31:15+00:00,2023-06-13 17:54:51+00:00,MICROSOFT
27249587,java-rbroker-framework,Java,2014-11-28 03:02:39+00:00,2023-04-13 02:21:45+00:00,MICROSOFT
27404803,ApplicationInsights-PHP,PHP,2014-12-01 23:10:21+00:00,2024-03-09 21:32:06+00:00,MICROSOFT
27405247,vso-agent,TypeScript,2014-12-01 23:24:24+00:00,2023-11-02 19:51:41+00:00,MICROSOFT
27460436,ApplicationInsights-Java,Java,2014-12-03 00:13:22+00:00,2024-03-11 20:23:27+00:00,MICROSOFT
27526052,ApplicationInsights-Ruby,Ruby,2014-12-04 06:06:05+00:00,2023-08-25 20:49:30+00:00,MICROSOFT
27631673,azure-pipelines-tasks,TypeScript,2014-12-06 11:11:46+00:00,2024-03-13 10:32:13+00:00,MICROSOFT
27732793,ApplicationInsights-Android,Java,2014-12-08 20:10:47+00:00,2024-02-03 08:24:45+00:00,MICROSOFT
27799540,mwt-ds-explore,C++,2014-12-10 03:00:36+00:00,2023-06-13 17:54:47+00:00,MICROSOFT
27854486,poshtools,C#,2014-12-11 04:44:03+00:00,2024-03-05 08:06:54+00:00,MICROSOFT
27872790,kinect-ripple,C#,2014-12-11 13:29:29+00:00,2023-12-30 19:46:30+00:00,MICROSOFT
27894083,dotnet-apiweb,C#,2014-12-11 22:13:00+00:00,2023-07-15 18:50:02+00:00,MICROSOFT
27931923,dotnet-apiport,C#,2014-12-12 18:04:11+00:00,2024-02-29 13:07:31+00:00,MICROSOFT
28014525,bond,C++,2014-12-15 01:05:31+00:00,2024-03-11 02:05:32+00:00,MICROSOFT
28059353,TypeScript-Sublime-Plugin,JavaScript,2014-12-15 22:30:20+00:00,2024-02-09 13:28:49+00:00,MICROSOFT
28153498,azure-chat-for-java,Java,2014-12-17 20:08:26+00:00,2023-06-06 11:35:06+00:00,MICROSOFT
28204326,fog,Ruby,2014-12-18 22:27:15+00:00,2023-01-27 20:20:02+00:00,MICROSOFT
28227368,lumia-imaging-quickstart,C#,2014-12-19 11:44:54+00:00,2023-01-27 20:20:10+00:00,MICROSOFT
28242689,moodle-filter_oembed,PHP,2014-12-19 19:15:46+00:00,2023-06-13 17:54:45+00:00,MICROSOFT
28648478,X-Mem,C++,2014-12-30 23:01:07+00:00,2024-01-12 06:46:23+00:00,MICROSOFT
28825290,ApplicationInsights-WordPress,PHP,2015-01-05 18:18:58+00:00,2024-01-16 09:51:52+00:00,MICROSOFT
28880434,CodeContracts,C#,2015-01-06 19:48:32+00:00,2024-03-04 23:23:59+00:00,MICROSOFT
28891820,mwt-ds-louiemart,C#,2015-01-07 01:15:28+00:00,2023-06-13 17:55:00+00:00,MICROSOFT
28964706,lis-tempest-old,Python,2015-01-08 12:21:50+00:00,2023-06-13 17:54:49+00:00,MICROSOFT
28977471,ApplicationInsights-iOS,Objective-C,2015-01-08 17:33:19+00:00,2023-12-09 16:45:03+00:00,MICROSOFT
29151798,ConnectedServicesSdkSamples,C#,2015-01-12 19:13:03+00:00,2023-07-31 02:50:50+00:00,MICROSOFT
29450147,moodle-auth_oidc,PHP,2015-01-19 02:33:14+00:00,2024-02-20 13:50:30+00:00,MICROSOFT
29450178,moodle-block_onenote,PHP,2015-01-19 02:34:08+00:00,2023-06-13 17:54:43+00:00,MICROSOFT
29450212,moodle-local_msaccount,PHP,2015-01-19 02:34:55+00:00,2023-06-13 17:54:42+00:00,MICROSOFT
29450227,moodle-local_o365,PHP,2015-01-19 02:35:27+00:00,2024-03-13 09:45:11+00:00,MICROSOFT
29450240,moodle-local_onenote,PHP,2015-01-19 02:35:55+00:00,2023-03-12 02:34:03+00:00,MICROSOFT
29450268,moodle-assignfeedback_onenote,PHP,2015-01-19 02:36:34+00:00,2023-03-12 02:34:03+00:00,MICROSOFT
29450299,moodle-assignsubmission_onenote,PHP,2015-01-19 02:37:13+00:00,2021-12-07 11:47:52+00:00,MICROSOFT
29450309,moodle-repository_office365,PHP,2015-01-19 02:37:41+00:00,2021-12-07 11:48:53+00:00,MICROSOFT
29450326,moodle-repository_onenote,PHP,2015-01-19 02:38:03+00:00,2023-07-15 13:34:20+00:00,MICROSOFT
29450342,moodle-block_skypeweb,CSS,2015-01-19 02:38:33+00:00,2023-06-13 17:54:41+00:00,MICROSOFT
29450352,moodle-profilefield_oidc,PHP,2015-01-19 02:39:02+00:00,2023-06-13 17:54:39+00:00,MICROSOFT
29450370,moodle-local_office365,PHP,2015-01-19 02:39:36+00:00,2024-03-13 09:47:58+00:00,MICROSOFT
29450380,moodle-local_microsoftservices,PHP,2015-01-19 02:40:02+00:00,2023-06-13 17:54:40+00:00,MICROSOFT
29704274,llvm,LLVM,2015-01-22 22:44:45+00:00,2024-02-10 10:50:53+00:00,MICROSOFT
29706297,clang,C++,2015-01-22 23:40:20+00:00,2024-01-13 23:53:17+00:00,MICROSOFT
29706710,TypeScript-wiki,JavaScript,2015-01-22 23:52:38+00:00,2024-03-12 09:32:41+00:00,MICROSOFT
29707076,compiler-rt,C,2015-01-23 00:03:17+00:00,2024-03-06 06:03:02+00:00,MICROSOFT
29707278,test-suite,Logos,2015-01-23 00:09:37+00:00,2023-06-21 17:34:57+00:00,MICROSOFT
29839722,Microsoft.IO.RecyclableMemoryStream,C#,2015-01-26 01:29:12+00:00,2024-03-11 15:59:04+00:00,MICROSOFT
29842840,java-jasperreports-client-library,Java,2015-01-26 03:14:40+00:00,2023-06-14 15:22:51+00:00,MICROSOFT
30021109,deployr-cli,JavaScript,2015-01-29 13:25:50+00:00,2023-06-13 17:54:38+00:00,MICROSOFT
30051348,TouchDevelop,TypeScript,2015-01-30 01:59:33+00:00,2024-03-13 10:08:26+00:00,MICROSOFT
30090074,Vipr,C#,2015-01-30 20:47:10+00:00,2024-02-14 15:35:25+00:00,MICROSOFT
30096470,docker,Go,2015-01-31 00:05:16+00:00,2024-03-13 07:43:45+00:00,MICROSOFT
30130401,DACExtensions,C#,2015-01-31 23:43:10+00:00,2024-02-09 01:43:23+00:00,MICROSOFT
30220251,dotnet-client-library,C#,2015-02-03 02:18:09+00:00,2022-11-28 19:14:41+00:00,MICROSOFT
30220388,dotnet-rbroker-framework,C#,2015-02-03 02:22:32+00:00,2023-06-27 13:10:00+00:00,MICROSOFT
30375313,deployr-rserve,Java,2015-02-05 19:58:14+00:00,2023-09-07 12:36:41+00:00,MICROSOFT
30508614,uuid-validate,JavaScript,2015-02-08 22:38:10+00:00,2023-06-01 06:32:02+00:00,MICROSOFT
30621160,elasticsearch,Java,2015-02-10 23:56:31+00:00,2023-05-24 01:35:36+00:00,MICROSOFT
30627983,spark,Scala,2015-02-11 03:11:24+00:00,2023-01-28 10:29:51+00:00,MICROSOFT
30884548,ApplicationInsights-CPP,C++,2015-02-16 19:34:49+00:00,2023-12-07 06:30:53+00:00,MICROSOFT
30895113,clang-tools-extra,C++,2015-02-17 00:08:13+00:00,2024-03-07 02:45:43+00:00,MICROSOFT
30924793,Incast,C++,2015-02-17 16:05:39+00:00,2023-01-27 20:20:03+00:00,MICROSOFT
30933832,cordova-samples,JavaScript,2015-02-17 19:36:06+00:00,2023-12-19 08:50:16+00:00,MICROSOFT
30980921,azure-activedirectory-interactive-auth-library-for-java,HTML,2015-02-18 18:55:03+00:00,2023-01-27 20:20:04+00:00,MICROSOFT
31185775,automatic-graph-layout,JavaScript,2015-02-22 23:21:05+00:00,2024-03-12 09:20:28+00:00,MICROSOFT
31219632,mail2bug,C#,2015-02-23 17:23:14+00:00,2023-12-11 20:56:29+00:00,MICROSOFT
31223507,ngconf2015demo,CSS,2015-02-23 18:50:51+00:00,2023-07-08 07:25:18+00:00,MICROSOFT
31281081,Windows-Driver-Frameworks,C,2015-02-24 20:46:26+00:00,2024-03-01 06:52:13+00:00,MICROSOFT
31328023,IEDiagnosticsAdapter,C++,2015-02-25 18:06:05+00:00,2024-02-17 14:43:40+00:00,MICROSOFT
31544890,SimpleActivity,C#,2015-03-02 14:45:07+00:00,2023-01-27 20:20:04+00:00,MICROSOFT
31544936,SimplePlaces,C#,2015-03-02 14:46:17+00:00,2023-01-27 20:19:54+00:00,MICROSOFT
31545040,SimpleSteps,C#,2015-03-02 14:48:03+00:00,2023-01-27 20:20:04+00:00,MICROSOFT
31545078,SimpleTracks,C#,2015-03-02 14:48:42+00:00,2023-01-27 20:20:02+00:00,MICROSOFT
31740459,cocos2d-x-3rd-party-libs-src,Perl,2015-03-05 22:33:51+00:00,2023-01-27 20:20:03+00:00,MICROSOFT
31791381,Windows-universal-samples,JavaScript,2015-03-06 22:13:13+00:00,2024-03-13 02:05:13+00:00,MICROSOFT
31791482,Windows-driver-samples,C,2015-03-06 22:16:09+00:00,2024-03-13 06:04:04+00:00,MICROSOFT
32026772,Sora,C,2015-03-11 15:57:13+00:00,2024-03-11 19:10:50+00:00,MICROSOFT
32415843,ApplicationInsights-aspnetcore,C#,2015-03-17 19:39:40+00:00,2024-02-21 15:06:56+00:00,MICROSOFT
32419990,AccCheckerExtensionForVS,C#,2015-03-17 20:57:51+00:00,2024-02-24 20:42:49+00:00,MICROSOFT
32481067,optee_os,C,2015-03-18 19:58:12+00:00,2023-06-27 13:10:02+00:00,MICROSOFT
32487472,Azure-PaaS-ChefClient,PowerShell,2015-03-18 22:22:31+00:00,2023-03-30 17:41:43+00:00,MICROSOFT
32487763,PTVS,C#,2015-03-18 22:30:53+00:00,2024-03-13 13:16:07+00:00,MICROSOFT
32550752,Microsoft.Diagnostics.Tracing.Logging,C#,2015-03-19 23:00:25+00:00,2024-02-04 02:56:00+00:00,MICROSOFT
32757543,FFmpegInterop,C++,2015-03-23 20:39:05+00:00,2024-03-13 02:54:01+00:00,MICROSOFT
32880463,CMake,C,2015-03-25 17:35:38+00:00,2024-03-08 08:27:08+00:00,MICROSOFT
32932536,limitus,JavaScript,2015-03-26 14:35:12+00:00,2023-01-27 19:05:12+00:00,MICROSOFT
33010673,perfview,C#,2015-03-27 21:48:45+00:00,2024-03-13 09:43:55+00:00,MICROSOFT
33017149,nodejstools,C#,2015-03-28 01:37:20+00:00,2024-02-13 19:47:12+00:00,MICROSOFT
33372407,cordova-plugin-ms-appinsights,JavaScript,2015-04-03 16:41:07+00:00,2023-01-27 20:20:02+00:00,MICROSOFT
33373292,ApplicationInsights-JS,TypeScript,2015-04-03 17:01:17+00:00,2024-03-13 19:17:16+00:00,MICROSOFT
33376594,enhanced-monitoring-service,C#,2015-04-03 18:24:37+00:00,2024-01-18 19:08:02+00:00,MICROSOFT
574877,aws-sdk-java,,2010-03-22 23:34:58+00:00,2024-03-13 23:15:13+00:00,AWS
1176081,aws-toolkit-eclipse,Java,2010-12-17 02:12:00+00:00,2024-01-26 03:00:16+00:00,AWS
2050163,aws-sdk-ruby,Ruby,2011-07-14 22:21:47+00:00,2024-03-12 12:36:55+00:00,AWS
3251639,aws-sdk-net,,2012-01-23 23:50:43+00:00,2024-03-12 21:20:29+00:00,AWS
5694513,aws-sdk-js,JavaScript,2012-09-05 22:31:25+00:00,2024-03-12 14:09:09+00:00,AWS
6269013,aws-sdk-php,PHP,2012-10-17 21:28:32+00:00,2024-03-13 23:00:45+00:00,AWS
6553948,aws-sdk-php-zf2,PHP,2012-11-06 00:03:55+00:00,2023-09-26 22:40:23+00:00,AWS
6780767,aws-cli,Python,2012-11-20 16:07:36+00:00,2024-03-13 12:05:44+00:00,AWS
7757559,aws-sdk-php-silex,PHP,2013-01-22 17:40:32+00:00,2023-09-26 22:43:01+00:00,AWS
8189133,aws-sdk-php-laravel,PHP,2013-02-13 22:22:27+00:00,2024-03-12 12:37:26+00:00,AWS
574877,aws-sdk-java,,2010-03-22 23:34:58+00:00,2024-03-13 23:15:13+00:00,AWS
1176081,aws-toolkit-eclipse,Java,2010-12-17 02:12:00+00:00,2024-01-26 03:00:16+00:00,AWS
2050163,aws-sdk-ruby,Ruby,2011-07-14 22:21:47+00:00,2024-03-12 12:36:55+00:00,AWS
3251639,aws-sdk-net,,2012-01-23 23:50:43+00:00,2024-03-12 21:20:29+00:00,AWS
5694513,aws-sdk-js,JavaScript,2012-09-05 22:31:25+00:00,2024-03-12 14:09:09+00:00,AWS
6269013,aws-sdk-php,PHP,2012-10-17 21:28:32+00:00,2024-03-13 23:00:45+00:00,AWS
6553948,aws-sdk-php-zf2,PHP,2012-11-06 00:03:55+00:00,2023-09-26 22:40:23+00:00,AWS
6780767,aws-cli,Python,2012-11-20 16:07:36+00:00,2024-03-13 12:05:44+00:00,AWS
7757559,aws-sdk-php-silex,PHP,2013-01-22 17:40:32+00:00,2023-09-26 22:43:01+00:00,AWS
8189133,aws-sdk-php-laravel,PHP,2013-02-13 22:22:27+00:00,2024-03-12 12:37:26+00:00,AWS
8270619,opsworks-cookbooks,Ruby,2013-02-18 15:03:48+00:00,2024-02-01 19:53:46+00:00,AWS
12163811,aws-sessionstore-dynamodb-ruby,Ruby,2013-08-16 17:13:26+00:00,2024-01-25 18:51:47+00:00,AWS
16222464,aws-sdk-js-dist-tools,JavaScript,2014-01-25 01:41:51+00:00,2023-09-28 23:25:33+00:00,AWS
16625735,aws-cloudtrail-processing-library,Java,2014-02-07 19:56:25+00:00,2023-11-08 02:01:09+00:00,AWS
17760003,aws-sdk-java-archetype,Java,2014-03-14 20:53:50+00:00,2023-09-29 23:28:00+00:00,AWS
19718034,aws-parallelcluster,Python,2014-05-12 22:42:19+00:00,2024-03-12 12:38:20+00:00,AWS
21287076,s2n-tls,C,2014-06-27 19:37:59+00:00,2024-03-13 06:18:55+00:00,AWS
24384732,aws-dynamodb-encryption-java,Java,2014-09-23 18:44:24+00:00,2024-02-14 16:20:05+00:00,AWS
25610229,aws-codedeploy-agent,Ruby,2014-10-22 23:57:53+00:00,2024-03-13 06:04:38+00:00,AWS
25885972,aws-eb-glassfish-dockerfiles,Dockerfile,2014-10-28 19:17:48+00:00,2023-10-18 07:01:17+00:00,AWS
25988382,aws-eb-python-dockerfiles,Shell,2014-10-30 20:26:42+00:00,2023-09-29 23:27:26+00:00,AWS
27551774,amazon-ecs-agent,Go,2014-12-04 17:31:49+00:00,2024-03-12 15:22:57+00:00,AWS
27576132,aws-sdk-go,Go,2014-12-05 05:29:41+00:00,2024-03-13 05:27:40+00:00,AWS
27732828,amazon-ecs-init,Go,2014-12-08 20:11:28+00:00,2024-02-15 19:45:42+00:00,AWS
31976898,aws-sdk-mobile-analytics-js,JavaScript,2015-03-10 19:18:48+00:00,2024-03-01 22:30:38+00:00,AWS
32409894,aws-sdk-rails,Ruby,2015-03-17 17:42:55+00:00,2024-03-06 07:38:34+00:00,AWS
35440404,aws-sdk-cpp,,2015-05-11 17:57:32+00:00,2024-03-12 12:39:23+00:00,AWS
35504586,aws-dotnet-session-provider,C#,2015-05-12 18:09:39+00:00,2024-02-14 17:10:16+00:00,AWS
35844242,aws-lambda-java-libs,C++,2015-05-18 21:43:45+00:00,2024-03-08 01:06:13+00:00,AWS
36331048,aws-php-sns-message-validator,PHP,2015-05-26 23:52:56+00:00,2024-02-08 01:08:51+00:00,AWS
36883937,aws-parallelcluster-cookbook,Ruby,2015-06-04 16:59:16+00:00,2024-03-12 12:39:28+00:00,AWS
37046106,aws-dotnet-trace-listener,C#,2015-06-08 04:36:46+00:00,2024-02-08 20:43:17+00:00,AWS
38135511,aws-sdk-ruby-record,Ruby,2015-06-26 21:47:23+00:00,2024-03-12 12:39:33+00:00,AWS
38137559,aws-sdk-php-symfony,PHP,2015-06-26 22:45:02+00:00,2024-02-06 15:29:35+00:00,AWS
39026916,amazon-cognito-dotnet,C#,2015-07-13 17:29:09+00:00,2023-10-06 10:19:27+00:00,AWS
43013346,aws-iot-device-sdk-embedded-C,C,2015-09-23 16:32:49+00:00,2024-03-13 06:22:41+00:00,AWS
43446846,amazon-ecs-cli,Go,2015-09-30 17:11:40+00:00,2024-03-13 00:02:12+00:00,AWS
43451986,aws-iot-device-sdk-arduino-yun,Python,2015-09-30 18:45:17+00:00,2024-02-01 06:51:01+00:00,AWS
43452375,aws-iot-device-sdk-js,JavaScript,2015-09-30 18:52:35+00:00,2024-02-05 01:22:42+00:00,AWS
43578604,aws-sdk-php-v3-bridge,PHP,2015-10-02 22:08:27+00:00,2024-03-12 12:39:50+00:00,AWS
43719155,aws-js-sns-message-validator,JavaScript,2015-10-05 23:12:42+00:00,2024-01-24 07:33:01+00:00,AWS
50468899,amazon-ssm-agent,Go,2016-01-27 00:16:15+00:00,2024-03-13 20:37:59+00:00,AWS
52402635,aws-parallelcluster-node,Python,2016-02-24 00:45:18+00:00,2024-03-12 12:40:19+00:00,AWS
53990057,aws-encryption-sdk-java,Java,2016-03-16 01:09:51+00:00,2024-03-12 12:40:23+00:00,AWS
56812172,aws-swf-build-tools,Java,2016-04-21 23:41:59+00:00,2023-09-28 23:20:29+00:00,AWS
58246626,aws-iot-device-sdk-java,Java,2016-05-07 03:04:19+00:00,2023-10-21 12:57:12+00:00,AWS
58948526,elastic-load-balancing-tools,Java,2016-05-16 16:30:23+00:00,2023-11-23 20:52:27+00:00,AWS
59868262,chalice,Python,2016-05-27 23:27:13+00:00,2024-03-13 06:43:42+00:00,AWS
60723336,aws-iot-device-sdk-python,Python,2016-06-08 19:06:12+00:00,2024-03-05 22:29:29+00:00,AWS
64263386,aws-swf-flow-library,Java,2016-07-27 00:14:24+00:00,2023-10-06 20:45:56+00:00,AWS
69396876,amazon-ecs-logs-collector,Shell,2016-09-27 20:41:40+00:00,2024-02-14 09:31:37+00:00,AWS
70530854,serverless-application-model,Python,2016-10-10 21:36:18+00:00,2024-03-13 08:19:34+00:00,AWS
71277451,aws-iot-device-sdk-cpp,C++,2016-10-18 18:12:05+00:00,2024-02-16 13:03:44+00:00,AWS
72888735,aws-fpga,VHDL,2016-11-04 22:04:05+00:00,2024-03-13 16:02:27+00:00,AWS
73423545,aws-logging-dotnet,C#,2016-11-10 21:48:01+00:00,2024-02-15 21:38:04+00:00,AWS
73510119,aws-lambda-dotnet,C#,2016-11-11 20:43:34+00:00,2024-03-12 12:41:17+00:00,AWS
74612383,Trusted-Advisor-Tools,Python,2016-11-23 20:40:38+00:00,2024-03-10 16:30:23+00:00,AWS
75661534,serverless-java-container,Java,2016-12-05 20:04:57+00:00,2024-03-12 07:44:00+00:00,AWS
79851305,aws-encryption-sdk-python,Python,2017-01-23 21:43:26+00:00,2024-03-10 06:59:31+00:00,AWS
80045074,aws-health-tools,Python,2017-01-25 18:41:49+00:00,2024-03-06 06:23:45+00:00,AWS
80666972,aws-encryption-sdk-cli,Python,2017-02-01 21:38:14+00:00,2024-03-12 12:41:33+00:00,AWS
82356037,amazon-ecs-cni-plugins,Go,2017-02-18 02:40:56+00:00,2024-01-18 22:26:30+00:00,AWS
83717674,aws-xray-sdk-dotnet,C#,2017-03-02 19:43:04+00:00,2023-11-14 03:54:55+00:00,AWS
84104620,aws-xray-sdk-java,Java,2017-03-06 18:04:56+00:00,2024-02-26 14:49:58+00:00,AWS
84590860,aws-xray-sdk-node,JavaScript,2017-03-10 18:49:07+00:00,2024-03-04 20:44:10+00:00,AWS
86845236,connect-rtc-js,JavaScript,2017-03-31 17:43:10+00:00,2024-03-11 09:13:24+00:00,AWS
87228090,aws-sdk-js-v3,TypeScript,2017-04-04 19:44:22+00:00,2024-03-13 22:29:47+00:00,AWS
89520887,aws-codebuild-docker-images,Dockerfile,2017-04-26 19:53:01+00:00,2024-03-07 06:05:48+00:00,AWS
91133634,aws-toolkit-azure-devops,TypeScript,2017-05-12 22:19:16+00:00,2024-02-27 14:31:03+00:00,AWS
91485909,aws-toolkit-jetbrains,Kotlin,2017-05-16 17:28:34+00:00,2024-03-13 12:42:44+00:00,AWS
92205085,aws-sam-cli,Python,2017-05-23 18:16:23+00:00,2024-03-13 03:03:34+00:00,AWS
95247959,aws-sdk-java-v2,Java,2017-06-23 18:56:01+00:00,2024-03-13 18:48:00+00:00,AWS
95851346,lumberyard,C++,2017-06-30 05:18:43+00:00,2024-03-08 10:44:57+00:00,AWS
96004375,aws-sdk-go-v2,Go,2017-07-02 05:30:15+00:00,2024-03-13 18:03:39+00:00,AWS
97050658,aws-greengrass-core-sdk-python,Python,2017-07-12 20:47:59+00:00,2024-01-23 01:38:02+00:00,AWS
97753296,aws-xray-sdk-go,Go,2017-07-19 19:24:10+00:00,2024-02-14 14:35:08+00:00,AWS
100396349,amazon-ecs-cluster-state-service,Go,2017-08-15 16:20:27+00:00,2023-09-29 23:26:57+00:00,AWS
103301849,homebrew-tap,Ruby,2017-09-12 17:34:53+00:00,2024-03-10 01:33:56+00:00,AWS
103969019,aws-xray-sdk-python,Python,2017-09-18 17:17:30+00:00,2024-03-07 08:52:06+00:00,AWS
104270121,aws-dynamodb-encryption-python,Python,2017-09-20 21:37:11+00:00,2024-02-23 16:23:07+00:00,AWS
105802846,jsii,TypeScript,2017-10-04 18:23:37+00:00,2024-03-12 12:42:25+00:00,AWS
105808767,aws-cdk,TypeScript,2017-10-04 19:22:36+00:00,2024-03-13 23:30:36+00:00,AWS
105809752,aws-cdk-rfcs,JavaScript,2017-10-04 19:33:07+00:00,2024-02-26 10:47:25+00:00,AWS
107597148,amazon-vpc-cni-k8s,Go,2017-10-19 20:48:50+00:00,2024-03-13 14:04:36+00:00,AWS
107600830,aws-lambda-go,Go,2017-10-19 21:31:24+00:00,2024-03-12 16:43:26+00:00,AWS
107937815,amazon-sagemaker-examples,Jupyter Notebook,2017-10-23 05:55:22+00:00,2024-03-13 17:23:19+00:00,AWS
109222526,aws-xray-sdk-ruby,Ruby,2017-11-02 05:44:17+00:00,2024-03-12 12:42:31+00:00,AWS
110152936,aws-ops-wheel,JavaScript,2017-11-09 18:43:01+00:00,2024-03-05 02:36:02+00:00,AWS
110167859,aws-extensions-for-dotnet-cli,C#,2017-11-09 21:24:35+00:00,2024-03-08 06:38:42+00:00,AWS
110170439,amazon-freertos,C,2017-11-09 21:53:47+00:00,2024-03-13 07:29:10+00:00,AWS
110621895,sagemaker-python-sdk,Python,2017-11-14 01:03:33+00:00,2024-03-12 21:15:33+00:00,AWS
111009803,amazon-kinesis-video-streams-parser-library,Java,2017-11-16 18:54:10+00:00,2024-02-14 02:28:30+00:00,AWS
111010291,sagemaker-spark,Scala,2017-11-16 18:58:56+00:00,2024-03-12 14:28:22+00:00,AWS
111071280,ec2-hibernate-windows-agent,PowerShell,2017-11-17 07:20:05+00:00,2024-01-25 20:47:00+00:00,AWS
111071339,ec2-hibernate-linux-agent,Python,2017-11-17 07:20:48+00:00,2024-01-24 22:21:00+00:00,AWS
114183120,efs-utils,Python,2017-12-14 00:31:52+00:00,2024-03-06 08:00:09+00:00,AWS
116854405,aws-encryption-sdk-c,C,2018-01-09 18:28:20+00:00,2024-03-12 12:42:45+00:00,AWS
118646184,sagemaker-tensorflow-training-toolkit,Python,2018-01-23 17:41:21+00:00,2024-03-08 13:43:33+00:00,AWS
118807445,sagemaker-containers,Python,2018-01-24 18:48:58+00:00,2024-03-12 12:42:48+00:00,AWS
118977299,sagemaker-mxnet-training-toolkit,Python,2018-01-25 22:55:24+00:00,2023-10-12 03:34:25+00:00,AWS
121416611,aws-xray-daemon,Go,2018-02-13 18:01:23+00:00,2024-03-12 12:42:54+00:00,AWS
123468903,sagemaker-pytorch-training-toolkit,Python,2018-03-01 17:30:09+00:00,2024-03-04 19:40:44+00:00,AWS
123468942,sagemaker-chainer-container,Python,2018-03-01 17:30:26+00:00,2023-10-12 03:34:28+00:00,AWS
124919892,base64io-python,Python,2018-03-12 16:38:56+00:00,2024-01-22 03:37:57+00:00,AWS
126545859,git-remote-codecommit,Python,2018-03-23 22:44:30+00:00,2024-03-12 12:43:04+00:00,AWS
127175475,mit-0,,2018-03-28 17:31:15+00:00,2024-03-09 09:23:45+00:00,AWS
127472365,amazon-neptune-sparql-java-sigv4,Java,2018-03-30 20:56:50+00:00,2024-03-12 12:43:06+00:00,AWS
127595338,amazon-neptune-gremlin-java-sigv4,Java,2018-04-01 04:01:22+00:00,2024-03-12 12:43:06+00:00,AWS
128131209,amazon-neptune-sigv4-signer,Java,2018-04-04 22:47:20+00:00,2023-09-25 20:57:50+00:00,AWS
132678371,sagemaker-tensorflow-extensions,C++,2018-05-09 00:03:44+00:00,2024-03-01 06:23:35+00:00,AWS
133737218,aws-greengrass-core-sdk-c,C,2018-05-17 00:25:33+00:00,2023-09-28 23:24:35+00:00,AWS
134911404,aws-auto-scaling-custom-resource,Python,2018-05-25 22:47:34+00:00,2023-09-29 14:10:10+00:00,AWS
138091954,aws-dax-go,Go,2018-06-20 22:22:10+00:00,2023-11-21 07:05:41+00:00,AWS
141064169,aws-ec2-instance-connect-config,Shell,2018-07-15 22:59:20+00:00,2024-01-29 20:11:52+00:00,AWS
141064336,aws-ec2-instance-connect-cli,Python,2018-07-15 23:03:03+00:00,2024-03-12 12:43:28+00:00,AWS
141753419,aws-toolkit-vscode,TypeScript,2018-07-20 20:09:29+00:00,2024-03-13 16:52:59+00:00,AWS
142222854,aws-encryption-sdk-javascript,TypeScript,2018-07-24 23:28:42+00:00,2024-03-12 18:10:17+00:00,AWS
148685658,amazon-freertos-ble-ios-sdk,Swift,2018-09-13 19:13:20+00:00,2023-11-29 19:54:44+00:00,AWS
149186943,amazon-freertos-ble-android-sdk,Java,2018-09-17 20:55:09+00:00,2024-02-21 06:24:07+00:00,AWS
149206827,iot-atlas,CSS,2018-09-18 00:46:18+00:00,2024-03-12 12:43:42+00:00,AWS
149673986,aws-sdk-js-crypto-helpers,TypeScript,2018-09-20 21:42:29+00:00,2024-02-11 16:57:36+00:00,AWS
150155402,aws-dotnet-extensions-configuration,C#,2018-09-24 19:14:00+00:00,2024-03-08 06:45:20+00:00,AWS
150456120,sagemaker-sparkml-serving-container,Java,2018-09-26 16:23:16+00:00,2023-12-24 08:58:39+00:00,AWS
151462011,aws-sdk-net-extensions-cognito,C#,2018-10-03 18:38:49+00:00,2024-03-13 15:56:21+00:00,AWS
151462119,aws-aspnet-cognito-identity-provider,C#,2018-10-03 18:39:36+00:00,2024-03-12 17:27:04+00:00,AWS
151767322,aws-ofi-nccl,C,2018-10-05 19:17:39+00:00,2024-03-11 08:59:58+00:00,AWS
152326454,aws-k8s-tester,Go,2018-10-09 21:54:45+00:00,2024-03-13 20:20:50+00:00,AWS
154230005,aws-secretsmanager-caching-java,Java,2018-10-22 23:19:14+00:00,2024-03-07 10:14:28+00:00,AWS
154230305,aws-secretsmanager-caching-python,Python,2018-10-22 23:22:56+00:00,2024-03-12 12:43:48+00:00,AWS
154230371,aws-secretsmanager-jdbc,Java,2018-10-22 23:23:36+00:00,2024-03-13 01:30:05+00:00,AWS
154745415,dotnet,,2018-10-25 22:29:41+00:00,2024-03-06 20:36:12+00:00,AWS
155597776,sagemaker-scikit-learn-container,Python,2018-10-31 17:28:35+00:00,2024-03-01 15:32:04+00:00,AWS
155920360,aws-kinesisanalytics-runtime,Java,2018-11-02 20:52:58+00:00,2023-10-27 13:14:04+00:00,AWS
155920403,aws-kinesisanalytics-flink-connectors,Java,2018-11-02 20:53:30+00:00,2024-01-20 19:03:59+00:00,AWS
156287142,aws-lambda-builders,Python,2018-11-05 21:42:39+00:00,2024-03-08 07:11:30+00:00,AWS
157287197,sagemaker-tensorflow-serving-container,Python,2018-11-12 22:39:41+00:00,2024-02-07 10:48:12+00:00,AWS
157451858,aws-iot-device-sdk-java-v2,Java,2018-11-13 21:50:23+00:00,2024-03-06 10:58:45+00:00,AWS
157451948,aws-iot-device-sdk-cpp-v2,C++,2018-11-13 21:51:08+00:00,2024-03-12 12:43:53+00:00,AWS
157452019,aws-iot-device-sdk-js-v2,TypeScript,2018-11-13 21:51:58+00:00,2024-02-29 12:05:43+00:00,AWS
157452080,aws-iot-device-sdk-python-v2,Python,2018-11-13 21:52:37+00:00,2024-03-08 13:28:12+00:00,AWS
157776296,aws-ssm-data-protection-provider-for-aspnet,C#,2018-11-15 21:41:06+00:00,2024-03-12 12:43:54+00:00,AWS
158435613,sagemaker-rl-container,Python,2018-11-20 18:41:37+00:00,2024-03-12 12:43:54+00:00,AWS
158870838,aws-app-mesh-examples,Shell,2018-11-23 19:27:28+00:00,2024-02-15 02:59:36+00:00,AWS
159005377,containers-roadmap,Shell,2018-11-25 06:42:11+00:00,2024-03-13 15:51:26+00:00,AWS
160593486,libfabric,C,2018-12-05 23:54:44+00:00,2024-03-12 12:43:57+00:00,AWS
171341606,.github,,2019-02-18 19:16:01+00:00,2023-12-24 07:36:13+00:00,AWS
171544039,amazon-elastic-inference-tools,Python,2019-02-19 20:25:03+00:00,2023-09-28 23:23:02+00:00,AWS
172143182,aws-appsync-community,HTML,2019-02-22 22:29:42+00:00,2024-01-25 16:09:27+00:00,AWS
172585033,amazon-vpc-cni-plugins,Go,2019-02-25 21:08:08+00:00,2024-03-12 12:44:14+00:00,AWS
172615836,aws-sdk-pandas,Python,2019-02-26 01:39:02+00:00,2024-03-13 09:22:33+00:00,AWS
173168715,aws-secretsmanager-caching-go,Go,2019-02-28 18:46:36+00:00,2024-02-26 10:47:43+00:00,AWS
174389100,aws-app-mesh-controller-for-k8s,Go,2019-03-07 17:19:11+00:00,2024-02-09 14:11:30+00:00,AWS
175470423,aws-elastic-beanstalk-cli,Python,2019-03-13 17:42:43+00:00,2024-03-11 13:30:40+00:00,AWS
175709796,aws-encryption-sdk-dafny,Dafny,2019-03-14 22:31:10+00:00,2024-02-19 09:09:57+00:00,AWS
177008782,aws-secretsmanager-caching-net,C#,2019-03-21 19:10:56+00:00,2024-03-12 12:44:22+00:00,AWS
177839526,aws-tools-for-powershell,C#,2019-03-26 17:41:43+00:00,2024-03-12 12:44:23+00:00,AWS
177869502,aws-app-mesh-roadmap,,2019-03-26 21:13:12+00:00,2024-03-11 10:11:53+00:00,AWS
179166234,aws-elastic-beanstalk-cli-setup,Python,2019-04-02 22:09:33+00:00,2024-03-12 10:05:14+00:00,AWS
184342727,amazon-kinesis-firehose-for-fluent-bit,Go,2019-04-30 23:00:03+00:00,2024-01-31 01:55:21+00:00,AWS
184342950,amazon-cloudwatch-logs-for-fluent-bit,Go,2019-04-30 23:02:46+00:00,2024-03-13 14:56:57+00:00,AWS
184343230,amazon-kinesis-streams-for-fluent-bit,Go,2019-04-30 23:06:15+00:00,2024-01-23 06:51:03+00:00,AWS
185269541,sagemaker-mxnet-inference-toolkit,Python,2019-05-06 20:47:57+00:00,2024-02-26 07:00:07+00:00,AWS
186067819,aws-toolkit-visual-studio,,2019-05-10 23:53:14+00:00,2024-02-29 23:19:07+00:00,AWS
187721865,sagemaker-xgboost-container,Python,2019-05-20 22:30:07+00:00,2024-03-12 12:44:36+00:00,AWS
187725708,sagemaker-inference-toolkit,Python,2019-05-20 23:11:32+00:00,2024-03-13 01:45:53+00:00,AWS
188473376,telegraf,Go,2019-05-24 18:59:19+00:00,2023-01-31 17:18:20+00:00,AWS
191425391,aws-greengrass-core-sdk-js,JavaScript,2019-06-11 18:06:50+00:00,2023-09-27 21:45:44+00:00,AWS
191973776,amazon-eks-pod-identity-webhook,Go,2019-06-14 16:19:25+00:00,2024-03-11 03:43:13+00:00,AWS
192816480,aws-greengrass-core-sdk-java,,2019-06-19 23:19:51+00:00,2024-02-26 07:25:28+00:00,AWS
197051912,sagemaker-scikit-learn-extension,Python,2019-07-15 18:30:19+00:00,2023-11-18 02:00:28+00:00,AWS
199940054,sagemaker-pytorch-inference-toolkit,Python,2019-07-31 22:59:14+00:00,2024-03-07 05:12:04+00:00,AWS
202018792,copilot-cli,Go,2019-08-12 22:31:54+00:00,2024-03-13 01:56:51+00:00,AWS
202811177,aws-jupyter-proxy,Python,2019-08-16 23:21:23+00:00,2024-03-12 12:45:00+00:00,AWS
203635724,crypto-tools,Python,2019-08-21 17:47:02+00:00,2024-01-18 15:37:31+00:00,AWS
209181845,aws-nitro-enclaves-cli,Rust,2019-09-18 00:29:58+00:00,2024-03-05 01:22:40+00:00,AWS
209399090,aws-step-functions-data-science-sdk-python,Python,2019-09-18 20:33:43+00:00,2024-03-12 12:45:08+00:00,AWS
211362544,aws-sam-cli-app-templates,Python,2019-09-27 16:42:59+00:00,2024-03-11 18:42:27+00:00,AWS
211971675,eks-charts,Mustache,2019-09-30 22:49:54+00:00,2024-03-12 12:45:10+00:00,AWS
212439434,sagemaker-training-toolkit,Python,2019-10-02 20:54:32+00:00,2024-03-08 17:31:21+00:00,AWS
215120058,sagemaker-experiments,Python,2019-10-14 18:43:20+00:00,2024-02-23 09:35:54+00:00,AWS
216631734,aws-node-termination-handler,Go,2019-10-21 17:57:15+00:00,2024-03-13 23:03:30+00:00,AWS
216632843,aws-for-fluent-bit,Shell,2019-10-21 18:03:07+00:00,2024-03-12 18:06:08+00:00,AWS
216939647,amazon-chime-sdk-js,TypeScript,2019-10-23 01:13:12+00:00,2024-03-13 11:20:57+00:00,AWS
217173687,aws-eks-best-practices,Python,2019-10-23 23:50:53+00:00,2024-03-14 00:03:06+00:00,AWS
217637253,amazon-cognito-sync-manager-net,C#,2019-10-26 01:01:09+00:00,2024-03-12 12:45:17+00:00,AWS
218153333,aws-mobile-analytics-manager-net,C#,2019-10-28 22:01:40+00:00,2023-09-26 22:36:59+00:00,AWS
220571312,elastic-beanstalk-roadmap,,2019-11-09 00:55:27+00:00,2024-02-26 20:34:16+00:00,AWS
220572580,dcv-color-primitives,Rust,2019-11-09 01:09:33+00:00,2023-11-08 20:32:27+00:00,AWS
221814229,amazon-sagemaker-operator-for-k8s,Go,2019-11-15 00:53:07+00:00,2024-03-11 22:41:38+00:00,AWS
221992547,random-cut-forest-by-aws,Java,2019-11-15 19:48:13+00:00,2024-03-12 05:50:53+00:00,AWS
